﻿<?xml version="1.0" encoding="UTF-8" standalone="yes"?>
<addon id="Filmes-Ondemand-Repositorio" name="Filmes Ondemand repository" version="0.0.2" provider-name="ronaldo40">
	<extension point="xbmc.addon.repository" name="Filmes Ondemand Add-on Repository">
		<info compressed="false">http://raw.github.com/ronaldo40/Filmes-Ondemand-Repositorio/master/addons.xml</info>
		<checksum>http://raw.github.com/ronaldo40/Filmes-Ondemand-Repositorio/master/addons.xml.md5</checksum>
		<datadir zip="true">http://raw.github.com/ronaldo40/Filmes-Ondemand-Repositorio/master/repo/</datadir>
	</extension>
	<extension point="xbmc.addon.metadata">
		<summary>Filmes Ondemand Addon</summary>
		<description>Addon Description</description>
		<disclaimer></disclaimer>
		<platform>all</platform>
	</extension>
</addon>